sheet_number,,,gcp_file,id,source,url,annotation_output,gcp_output
3,jacoubet,Atlas_de_Jacoubet_-_03._Partie_de_la_commune_de_Monceau_et_de_ses_environs_-_BHVP.jpg.points,jacoubet/Atlas_de_Jacoubet_-_03._Partie_de_la_commune_de_Monceau_et_de_ses_environs_-_BHVP.jpg.points,bhvp_jacoubet_03,Atlas_de_Jacoubet_-_03._Partie_de_la_commune_de_Monceau_et_de_ses_environs_-_BHVP.jpg,https://iiif.geohistoricaldata.org/iiif/3/Atlas_de_Jacoubet_-_03._Partie_de_la_commune_de_Monceau_et_de_ses_environs_-_BHVP.jpg,output/bhvp_jacoubet/bhvp_jacoubet_03.json,
4,jacoubet,Atlas_de_Jacoubet_-_04._Partie_de_la_commune_de_Clichy_et_de_ses_environs_-_BHVP.jpg.points,jacoubet/Atlas_de_Jacoubet_-_04._Partie_de_la_commune_de_Clichy_et_de_ses_environs_-_BHVP.jpg.points,bhvp_jacoubet_04,Atlas_de_Jacoubet_-_04._Partie_de_la_commune_de_Clichy_et_de_ses_environs_-_BHVP.jpg,https://iiif.geohistoricaldata.org/iiif/3/Atlas_de_Jacoubet_-_04._Partie_de_la_commune_de_Clichy_et_de_ses_environs_-_BHVP.jpg,output/bhvp_jacoubet/bhvp_jacoubet_04.json,
5,jacoubet,Atlas_de_Jacoubet_-_05._Partie_de_la_commune_de_Montmartre_et_de_ses_environs_-_BHVP.jpg.points,jacoubet/Atlas_de_Jacoubet_-_05._Partie_de_la_commune_de_Montmartre_et_de_ses_environs_-_BHVP.jpg.points,bhvp_jacoubet_05,Atlas_de_Jacoubet_-_05._Partie_de_la_commune_de_Montmartre_et_de_ses_environs_-_BHVP.jpg,https://iiif.geohistoricaldata.org/iiif/3/Atlas_de_Jacoubet_-_05._Partie_de_la_commune_de_Montmartre_et_de_ses_environs_-_BHVP.jpg,output/bhvp_jacoubet/bhvp_jacoubet_05.json,
6,jacoubet,Atlas_de_Jacoubet_-_06._Partie_de_la_commune_de_La_Chapelle_et_de_ses_environs_-_BHVP.jpg.points,jacoubet/Atlas_de_Jacoubet_-_06._Partie_de_la_commune_de_La_Chapelle_et_de_ses_environs_-_BHVP.jpg.points,bhvp_jacoubet_06,Atlas_de_Jacoubet_-_06._Partie_de_la_commune_de_La_Chapelle_et_de_ses_environs_-_BHVP.jpg,https://iiif.geohistoricaldata.org/iiif/3/Atlas_de_Jacoubet_-_06._Partie_de_la_commune_de_La_Chapelle_et_de_ses_environs_-_BHVP.jpg,output/bhvp_jacoubet/bhvp_jacoubet_06.json,
7,jacoubet,Atlas_de_Jacoubet_-_07._Barrière_de_la_Villette_et_ses_environs_-_BHVP.jpg.points,jacoubet/Atlas_de_Jacoubet_-_07._Barrière_de_la_Villette_et_ses_environs_-_BHVP.jpg.points,bhvp_jacoubet_07,Atlas_de_Jacoubet_-_07._Barriere_de_la_Villette_et_ses_environs_-_BHVP.jpg,https://iiif.geohistoricaldata.org/iiif/3/Atlas_de_Jacoubet_-_07._Barriere_de_la_Villette_et_ses_environs_-_BHVP.jpg,output/bhvp_jacoubet/bhvp_jacoubet_07.json,
10,jacoubet,Atlas_de_Jacoubet_-_10._Route_de_Neuilly_à_Paris_et_ses_environs_-_BHVP.jpg.points,jacoubet/Atlas_de_Jacoubet_-_10._Route_de_Neuilly_à_Paris_et_ses_environs_-_BHVP.jpg.points,bhvp_jacoubet_10,Atlas_de_Jacoubet_-_10._Route_de_Neuilly_a_Paris_et_ses_environs_-_BHVP.jpg,https://iiif.geohistoricaldata.org/iiif/3/Atlas_de_Jacoubet_-_10._Route_de_Neuilly_a_Paris_et_ses_environs_-_BHVP.jpg,output/bhvp_jacoubet/bhvp_jacoubet_10.json,
11,jacoubet,Atlas_de_Jacoubet_-_11._Hospice_Beaujon_et_ses_environs_-_BHVP.jpg.points,jacoubet/Atlas_de_Jacoubet_-_11._Hospice_Beaujon_et_ses_environs_-_BHVP.jpg.points,bhvp_jacoubet_11,Atlas_de_Jacoubet_-_11._Hospice_Beaujon_et_ses_environs_-_BHVP.jpg,https://iiif.geohistoricaldata.org/iiif/3/Atlas_de_Jacoubet_-_11._Hospice_Beaujon_et_ses_environs_-_BHVP.jpg,output/bhvp_jacoubet/bhvp_jacoubet_11.json,
12,jacoubet,Atlas_de_Jacoubet_-_12._Abattoir_du_Roule_et_ses_environs_-_BHVP.jpg.points,jacoubet/Atlas_de_Jacoubet_-_12._Abattoir_du_Roule_et_ses_environs_-_BHVP.jpg.points,bhvp_jacoubet_12,Atlas_de_Jacoubet_-_12._Abattoir_du_Roule_et_ses_environs_-_BHVP.jpg,https://iiif.geohistoricaldata.org/iiif/3/Atlas_de_Jacoubet_-_12._Abattoir_du_Roule_et_ses_environs_-_BHVP.jpg,output/bhvp_jacoubet/bhvp_jacoubet_12.json,
13,jacoubet,Atlas_de_Jacoubet_-_13._Collège_Bourbon_et_ses_environs_-_BHVP.jpg.points,jacoubet/Atlas_de_Jacoubet_-_13._Collège_Bourbon_et_ses_environs_-_BHVP.jpg.points,bhvp_jacoubet_13,Atlas_de_Jacoubet_-_13._College_Bourbon_et_ses_environs_-_BHVP.jpg,https://iiif.geohistoricaldata.org/iiif/3/Atlas_de_Jacoubet_-_13._College_Bourbon_et_ses_environs_-_BHVP.jpg,output/bhvp_jacoubet/bhvp_jacoubet_13.json,
14,jacoubet,Atlas_de_Jacoubet_-_14._Académie_Royale_de_Musique_et_ses_environs_-_BHVP.jpg.points,jacoubet/Atlas_de_Jacoubet_-_14._Académie_Royale_de_Musique_et_ses_environs_-_BHVP.jpg.points,bhvp_jacoubet_14,Atlas_de_Jacoubet_-_14._Academie_Royale_de_Musique_et_ses_environs_-_BHVP.jpg,https://iiif.geohistoricaldata.org/iiif/3/Atlas_de_Jacoubet_-_14._Academie_Royale_de_Musique_et_ses_environs_-_BHVP.jpg,output/bhvp_jacoubet/bhvp_jacoubet_14.json,
15,jacoubet,Atlas_de_Jacoubet_-_15._Eglise_St_Laurent_et_ses_environs_-_BHVP.jpg.points,jacoubet/Atlas_de_Jacoubet_-_15._Eglise_St_Laurent_et_ses_environs_-_BHVP.jpg.points,bhvp_jacoubet_15,Atlas_de_Jacoubet_-_15._Eglise_St_Laurent_et_ses_environs_-_BHVP.jpg,https://iiif.geohistoricaldata.org/iiif/3/Atlas_de_Jacoubet_-_15._Eglise_St_Laurent_et_ses_environs_-_BHVP.jpg,output/bhvp_jacoubet/bhvp_jacoubet_15.json,
16,jacoubet,Atlas_de_Jacoubet_-_16._Hospice_St_Louis_et_ses_environs_-_BHVP.jpg.points,jacoubet/Atlas_de_Jacoubet_-_16._Hospice_St_Louis_et_ses_environs_-_BHVP.jpg.points,bhvp_jacoubet_16,Atlas_de_Jacoubet_-_16._Hospice_St_Louis_et_ses_environs_-_BHVP.jpg,https://iiif.geohistoricaldata.org/iiif/3/Atlas_de_Jacoubet_-_16._Hospice_St_Louis_et_ses_environs_-_BHVP.jpg,output/bhvp_jacoubet/bhvp_jacoubet_16.json,
17,jacoubet,Atlas_de_Jacoubet_-_17._Commune_de_Belleville_et_ses_environs_ouest_-_BHVP.jpg.points,jacoubet/Atlas_de_Jacoubet_-_17._Commune_de_Belleville_et_ses_environs_ouest_-_BHVP.jpg.points,bhvp_jacoubet_17,Atlas_de_Jacoubet_-_17._Commune_de_Belleville_et_ses_environs_ouest_-_BHVP.jpg,https://iiif.geohistoricaldata.org/iiif/3/Atlas_de_Jacoubet_-_17._Commune_de_Belleville_et_ses_environs_ouest_-_BHVP.jpg,output/bhvp_jacoubet/bhvp_jacoubet_17.json,
18,jacoubet,Atlas_de_Jacoubet_-_18._Commune_de_Belleville_et_ses_environs_est_-_BHVP.jpg.points,jacoubet/Atlas_de_Jacoubet_-_18._Commune_de_Belleville_et_ses_environs_est_-_BHVP.jpg.points,bhvp_jacoubet_18,Atlas_de_Jacoubet_-_18._Commune_de_Belleville_et_ses_environs_est_-_BHVP.jpg,https://iiif.geohistoricaldata.org/iiif/3/Atlas_de_Jacoubet_-_18._Commune_de_Belleville_et_ses_environs_est_-_BHVP.jpg,output/bhvp_jacoubet/bhvp_jacoubet_18.json,
19,jacoubet,"Atlas_de_Jacoubet_-_19._Partie_de_la_commune_de_Passy,_Barrière_de_Longchamp_et_ses_environs_-_BHVP.jpg.points","jacoubet/Atlas_de_Jacoubet_-_19._Partie_de_la_commune_de_Passy,_Barrière_de_Longchamp_et_ses_environs_-_BHVP.jpg.points",bhvp_jacoubet_19,Atlas_de_Jacoubet_-_19._Partie_de_la_commune_de_Passy_Barriere_de_Longchamp_et_ses_environs_-_BHVP.jpg,https://iiif.geohistoricaldata.org/iiif/3/Atlas_de_Jacoubet_-_19._Partie_de_la_commune_de_Passy_Barriere_de_Longchamp_et_ses_environs_-_BHVP.jpg,output/bhvp_jacoubet/bhvp_jacoubet_19.json,
20,jacoubet,"Atlas_de_Jacoubet_-_20._Eglise_St_Pierre,_Gros_Caillou_et_Chaillot_et_leurs_environs_-_BHVP.jpg.points","jacoubet/Atlas_de_Jacoubet_-_20._Eglise_St_Pierre,_Gros_Caillou_et_Chaillot_et_leurs_environs_-_BHVP.jpg.points",bhvp_jacoubet_20,Atlas_de_Jacoubet_-_20._Eglise_St_Pierre_Gros_Caillou_et_Chaillot_et_leurs_environs_-_BHVP.jpg,https://iiif.geohistoricaldata.org/iiif/3/Atlas_de_Jacoubet_-_20._Eglise_St_Pierre_Gros_Caillou_et_Chaillot_et_leurs_environs_-_BHVP.jpg,output/bhvp_jacoubet/bhvp_jacoubet_20.json,
21,jacoubet,Atlas_de_Jacoubet_-_21._Champs-Elysées_et_leurs_environs_-_BHVP.jpg.points,jacoubet/Atlas_de_Jacoubet_-_21._Champs-Elysées_et_leurs_environs_-_BHVP.jpg.points,bhvp_jacoubet_21,Atlas_de_Jacoubet_-_21._Champs-Elysees_et_leurs_environs_-_BHVP.jpg,https://iiif.geohistoricaldata.org/iiif/3/Atlas_de_Jacoubet_-_21._Champs-Elysees_et_leurs_environs_-_BHVP.jpg,output/bhvp_jacoubet/bhvp_jacoubet_21.json,
22,jacoubet,Atlas_de_Jacoubet_-_22._Tuileries_et_leurs_environs_-_BHVP.jpg.points,jacoubet/Atlas_de_Jacoubet_-_22._Tuileries_et_leurs_environs_-_BHVP.jpg.points,bhvp_jacoubet_22,Atlas_de_Jacoubet_-_22._Tuileries_et_leurs_environs_-_BHVP.jpg,https://iiif.geohistoricaldata.org/iiif/3/Atlas_de_Jacoubet_-_22._Tuileries_et_leurs_environs_-_BHVP.jpg,output/bhvp_jacoubet/bhvp_jacoubet_22.json,
23,jacoubet,Atlas_de_Jacoubet_-_23._Eglise_St_Eustache_et_ses_environs_-_BHVP.jpg.points,jacoubet/Atlas_de_Jacoubet_-_23._Eglise_St_Eustache_et_ses_environs_-_BHVP.jpg.points,bhvp_jacoubet_23,Atlas_de_Jacoubet_-_23._Eglise_St_Eustache_et_ses_environs_-_BHVP.jpg,https://iiif.geohistoricaldata.org/iiif/3/Atlas_de_Jacoubet_-_23._Eglise_St_Eustache_et_ses_environs_-_BHVP.jpg,output/bhvp_jacoubet/bhvp_jacoubet_23.json,
24,jacoubet,Atlas_de_Jacoubet_-_24._Eglise_St_Nicolas_des_Champs_et_ses_environs_-_BHVP.jpg.points,jacoubet/Atlas_de_Jacoubet_-_24._Eglise_St_Nicolas_des_Champs_et_ses_environs_-_BHVP.jpg.points,bhvp_jacoubet_24,Atlas_de_Jacoubet_-_24._Eglise_St_Nicolas_des_Champs_et_ses_environs_-_BHVP.jpg,https://iiif.geohistoricaldata.org/iiif/3/Atlas_de_Jacoubet_-_24._Eglise_St_Nicolas_des_Champs_et_ses_environs_-_BHVP.jpg,output/bhvp_jacoubet/bhvp_jacoubet_24.json,
25,jacoubet,Atlas_de_Jacoubet_-_25._Théâtres_de_la_Gaîté_et_du_Cirque-Olympique_et_leurs_environs_-_BHVP.jpg.points,jacoubet/Atlas_de_Jacoubet_-_25._Théâtres_de_la_Gaîté_et_du_Cirque-Olympique_et_leurs_environs_-_BHVP.jpg.points,bhvp_jacoubet_25,Atlas_de_Jacoubet_-_25._Theatres_de_la_Gaite_et_du_Cirque-Olympique_et_leurs_environs_-_BHVP.jpg,https://iiif.geohistoricaldata.org/iiif/3/Atlas_de_Jacoubet_-_25._Theatres_de_la_Gaite_et_du_Cirque-Olympique_et_leurs_environs_-_BHVP.jpg,output/bhvp_jacoubet/bhvp_jacoubet_25.json,
26,jacoubet,Atlas_de_Jacoubet_-_26._Abattoir_Ménilmontant_et_ses_environs_-_BHVP.jpg.points,jacoubet/Atlas_de_Jacoubet_-_26._Abattoir_Ménilmontant_et_ses_environs_-_BHVP.jpg.points,bhvp_jacoubet_26,Atlas_de_Jacoubet_-_26._Abattoir_Menilmontant_et_ses_environs_-_BHVP.jpg,https://iiif.geohistoricaldata.org/iiif/3/Atlas_de_Jacoubet_-_26._Abattoir_Menilmontant_et_ses_environs_-_BHVP.jpg,output/bhvp_jacoubet/bhvp_jacoubet_26.json,
27,jacoubet,Atlas_de_Jacoubet_-_27._Cimetière_du_Père-Lachaise_et_ses_environs_-_BHVP.jpg.points,jacoubet/Atlas_de_Jacoubet_-_27._Cimetière_du_Père-Lachaise_et_ses_environs_-_BHVP.jpg.points,bhvp_jacoubet_27,Atlas_de_Jacoubet_-_27._Cimetiere_du_Pere-Lachaise_et_ses_environs_-_BHVP.jpg,https://iiif.geohistoricaldata.org/iiif/3/Atlas_de_Jacoubet_-_27._Cimetiere_du_Pere-Lachaise_et_ses_environs_-_BHVP.jpg,output/bhvp_jacoubet/bhvp_jacoubet_27.json,
28,jacoubet,Atlas_de_Jacoubet_-_28._Barrière_de_la_Cunette_et_ses_environs_-_BHVP.jpg.points,jacoubet/Atlas_de_Jacoubet_-_28._Barrière_de_la_Cunette_et_ses_environs_-_BHVP.jpg.points,bhvp_jacoubet_28,Atlas_de_Jacoubet_-_28._Barriere_de_la_Cunette_et_ses_environs_-_BHVP.jpg,https://iiif.geohistoricaldata.org/iiif/3/Atlas_de_Jacoubet_-_28._Barriere_de_la_Cunette_et_ses_environs_-_BHVP.jpg,output/bhvp_jacoubet/bhvp_jacoubet_28.json,
29,jacoubet,Atlas_de_Jacoubet_-_29._Champ_de_Mars_et_ses_environs_-_BHVP.jpg.points,jacoubet/Atlas_de_Jacoubet_-_29._Champ_de_Mars_et_ses_environs_-_BHVP.jpg.points,bhvp_jacoubet_29,Atlas_de_Jacoubet_-_29._Champ_de_Mars_et_ses_environs_-_BHVP.jpg,https://iiif.geohistoricaldata.org/iiif/3/Atlas_de_Jacoubet_-_29._Champ_de_Mars_et_ses_environs_-_BHVP.jpg,output/bhvp_jacoubet/bhvp_jacoubet_29.json,
30,jacoubet,Atlas_de_Jacoubet_-_30._Hôtel_Royal_des_Invalides_et_ses_environs_-_BHVP.jpg.points,jacoubet/Atlas_de_Jacoubet_-_30._Hôtel_Royal_des_Invalides_et_ses_environs_-_BHVP.jpg.points,bhvp_jacoubet_30,Atlas_de_Jacoubet_-_30._Hotel_Royal_des_Invalides_et_ses_environs_-_BHVP.jpg,https://iiif.geohistoricaldata.org/iiif/3/Atlas_de_Jacoubet_-_30._Hotel_Royal_des_Invalides_et_ses_environs_-_BHVP.jpg,output/bhvp_jacoubet/bhvp_jacoubet_30.json,
31,jacoubet,Atlas_de_Jacoubet_-_31._Eglise_St_Sulpice_et_ses_environs_-_BHVP.jpg.points,jacoubet/Atlas_de_Jacoubet_-_31._Eglise_St_Sulpice_et_ses_environs_-_BHVP.jpg.points,bhvp_jacoubet_31,Atlas_de_Jacoubet_-_31._Eglise_St_Sulpice_et_ses_environs_-_BHVP.jpg,https://iiif.geohistoricaldata.org/iiif/3/Atlas_de_Jacoubet_-_31._Eglise_St_Sulpice_et_ses_environs_-_BHVP.jpg,output/bhvp_jacoubet/bhvp_jacoubet_31.json,
32,jacoubet,Atlas_de_Jacoubet_-_32._Palais_de_Justice_et_ses_environs_-_BHVP.jpg.points,jacoubet/Atlas_de_Jacoubet_-_32._Palais_de_Justice_et_ses_environs_-_BHVP.jpg.points,bhvp_jacoubet_32,Atlas_de_Jacoubet_-_32._Palais_de_Justice_et_ses_environs_-_BHVP.jpg,https://iiif.geohistoricaldata.org/iiif/3/Atlas_de_Jacoubet_-_32._Palais_de_Justice_et_ses_environs_-_BHVP.jpg,output/bhvp_jacoubet/bhvp_jacoubet_32.json,
33,jacoubet,Atlas_de_Jacoubet_-_33._Ile_Saint-Louis_et_ses_environs_-_BHVP.jpg.points,jacoubet/Atlas_de_Jacoubet_-_33._Ile_Saint-Louis_et_ses_environs_-_BHVP.jpg.points,bhvp_jacoubet_33,Atlas_de_Jacoubet_-_33._Ile_Saint-Louis_et_ses_environs_-_BHVP.jpg,https://iiif.geohistoricaldata.org/iiif/3/Atlas_de_Jacoubet_-_33._Ile_Saint-Louis_et_ses_environs_-_BHVP.jpg,output/bhvp_jacoubet/bhvp_jacoubet_33.json,
34,jacoubet,Atlas_de_Jacoubet_-_34.Place_de_la_Bastille_et_ses_environs_-_BHVP.jpg.points,jacoubet/Atlas_de_Jacoubet_-_34.Place_de_la_Bastille_et_ses_environs_-_BHVP.jpg.points,bhvp_jacoubet_34,Atlas_de_Jacoubet_-_34.Place_de_la_Bastille_et_ses_environs_-_BHVP.jpg,https://iiif.geohistoricaldata.org/iiif/3/Atlas_de_Jacoubet_-_34.Place_de_la_Bastille_et_ses_environs_-_BHVP.jpg,output/bhvp_jacoubet/bhvp_jacoubet_34.json,
35,jacoubet,Atlas_de_Jacoubet_-_35._Manufacture_des_Glaces_et_ses_environs_-_BHVP.jpg.points,jacoubet/Atlas_de_Jacoubet_-_35._Manufacture_des_Glaces_et_ses_environs_-_BHVP.jpg.points,bhvp_jacoubet_35,Atlas_de_Jacoubet_-_35._Manufacture_des_Glaces_et_ses_environs_-_BHVP.jpg,https://iiif.geohistoricaldata.org/iiif/3/Atlas_de_Jacoubet_-_35._Manufacture_des_Glaces_et_ses_environs_-_BHVP.jpg,output/bhvp_jacoubet/bhvp_jacoubet_35.json,
36,jacoubet,Atlas_de_Jacoubet_-_36._Barrière_du_Trône_et_ses_environs_-_BHVP.jpg.points,jacoubet/Atlas_de_Jacoubet_-_36._Barrière_du_Trône_et_ses_environs_-_BHVP.jpg.points,bhvp_jacoubet_36,Atlas_de_Jacoubet_-_36._Barriere_du_Trone_et_ses_environs_-_BHVP.jpg,https://iiif.geohistoricaldata.org/iiif/3/Atlas_de_Jacoubet_-_36._Barriere_du_Trone_et_ses_environs_-_BHVP.jpg,output/bhvp_jacoubet/bhvp_jacoubet_36.json,
37,jacoubet,Atlas_de_Jacoubet_-_37._Plaine_de_Grenelle_ouest_-_BHVP.jpg.points,jacoubet/Atlas_de_Jacoubet_-_37._Plaine_de_Grenelle_ouest_-_BHVP.jpg.points,bhvp_jacoubet_37,Atlas_de_Jacoubet_-_37._Plaine_de_Grenelle_ouest_-_BHVP.jpg,https://iiif.geohistoricaldata.org/iiif/3/Atlas_de_Jacoubet_-_37._Plaine_de_Grenelle_ouest_-_BHVP.jpg,output/bhvp_jacoubet/bhvp_jacoubet_37.json,
38,jacoubet,Atlas_de_Jacoubet_-_38._Plaine_de_Grenelle_est_-_BHVP.jpg.points,jacoubet/Atlas_de_Jacoubet_-_38._Plaine_de_Grenelle_est_-_BHVP.jpg.points,bhvp_jacoubet_38,Atlas_de_Jacoubet_-_38._Plaine_de_Grenelle_est_-_BHVP.jpg,https://iiif.geohistoricaldata.org/iiif/3/Atlas_de_Jacoubet_-_38._Plaine_de_Grenelle_est_-_BHVP.jpg,output/bhvp_jacoubet/bhvp_jacoubet_38.json,
39,jacoubet,Atlas_de_Jacoubet_-_39._Barrière_du_Maine_et_ses_environs_-_BHVP.jpg.points,jacoubet/Atlas_de_Jacoubet_-_39._Barrière_du_Maine_et_ses_environs_-_BHVP.jpg.points,bhvp_jacoubet_39,Atlas_de_Jacoubet_-_39._Barriere_du_Maine_et_ses_environs_-_BHVP.jpg,https://iiif.geohistoricaldata.org/iiif/3/Atlas_de_Jacoubet_-_39._Barriere_du_Maine_et_ses_environs_-_BHVP.jpg,output/bhvp_jacoubet/bhvp_jacoubet_39.json,
40,jacoubet,Atlas_de_Jacoubet_-_40._Barrière_du_Mont-Parnasse_et_ses_environs_-_BHVP.jpg.points,jacoubet/Atlas_de_Jacoubet_-_40._Barrière_du_Mont-Parnasse_et_ses_environs_-_BHVP.jpg.points,bhvp_jacoubet_40,Atlas_de_Jacoubet_-_40._Barriere_du_Mont-Parnasse_et_ses_environs_-_BHVP.jpg,https://iiif.geohistoricaldata.org/iiif/3/Atlas_de_Jacoubet_-_40._Barriere_du_Mont-Parnasse_et_ses_environs_-_BHVP.jpg,output/bhvp_jacoubet/bhvp_jacoubet_40.json,
41,jacoubet,Atlas_de_Jacoubet_-_41._Hôpital_Militaire_du_Val-de-Grâce_et_ses_environs_-_BHVP.jpg.points,jacoubet/Atlas_de_Jacoubet_-_41._Hôpital_Militaire_du_Val-de-Grâce_et_ses_environs_-_BHVP.jpg.points,bhvp_jacoubet_41,Atlas_de_Jacoubet_-_41._Hopital_Militaire_du_Val-de-Grace_et_ses_environs_-_BHVP.jpg,https://iiif.geohistoricaldata.org/iiif/3/Atlas_de_Jacoubet_-_41._Hopital_Militaire_du_Val-de-Grace_et_ses_environs_-_BHVP.jpg,output/bhvp_jacoubet/bhvp_jacoubet_41.json,
42,jacoubet,Atlas_de_Jacoubet_-_42._Jardin_du_Roi_et_ses_environs_-_BHVP.jpg.points,jacoubet/Atlas_de_Jacoubet_-_42._Jardin_du_Roi_et_ses_environs_-_BHVP.jpg.points,bhvp_jacoubet_42,Atlas_de_Jacoubet_-_42._Jardin_du_Roi_et_ses_environs_-_BHVP.jpg,https://iiif.geohistoricaldata.org/iiif/3/Atlas_de_Jacoubet_-_42._Jardin_du_Roi_et_ses_environs_-_BHVP.jpg,output/bhvp_jacoubet/bhvp_jacoubet_42.json,
43,jacoubet,"Atlas_de_Jacoubet_-_43._Salpétrière,_Hospice_de_la_Vieillesse,_Femmes_et_ses_environs_-_BHVP.jpg.points","jacoubet/Atlas_de_Jacoubet_-_43._Salpétrière,_Hospice_de_la_Vieillesse,_Femmes_et_ses_environs_-_BHVP.jpg.points",bhvp_jacoubet_43,Atlas_de_Jacoubet_-_43._Salpetriere_Hospice_de_la_Vieillesse_Femmes_et_ses_environs_-_BHVP.jpg,https://iiif.geohistoricaldata.org/iiif/3/Atlas_de_Jacoubet_-_43._Salpetriere_Hospice_de_la_Vieillesse_Femmes_et_ses_environs_-_BHVP.jpg,output/bhvp_jacoubet/bhvp_jacoubet_43.json,
44,jacoubet,"Atlas_de_Jacoubet_-_44._Barrière_de_Charenton,_Commune_de_Bercy_et_leurs_environs_-_BHVP.jpg.points","jacoubet/Atlas_de_Jacoubet_-_44._Barrière_de_Charenton,_Commune_de_Bercy_et_leurs_environs_-_BHVP.jpg.points",bhvp_jacoubet_44,Atlas_de_Jacoubet_-_44._Barriere_de_Charenton_Commune_de_Bercy_et_leurs_environs_-_BHVP.jpg,https://iiif.geohistoricaldata.org/iiif/3/Atlas_de_Jacoubet_-_44._Barriere_de_Charenton_Commune_de_Bercy_et_leurs_environs_-_BHVP.jpg,output/bhvp_jacoubet/bhvp_jacoubet_44.json,
45,jacoubet,Atlas_de_Jacoubet_-_45._Barrière_de_St_Mandé_et_ses_environs_-_BHVP.jpg.points,jacoubet/Atlas_de_Jacoubet_-_45._Barrière_de_St_Mandé_et_ses_environs_-_BHVP.jpg.points,bhvp_jacoubet_45,Atlas_de_Jacoubet_-_45._Barriere_de_St_Mande_et_ses_environs_-_BHVP.jpg,https://iiif.geohistoricaldata.org/iiif/3/Atlas_de_Jacoubet_-_45._Barriere_de_St_Mande_et_ses_environs_-_BHVP.jpg,output/bhvp_jacoubet/bhvp_jacoubet_45.json,
46,jacoubet,Atlas_de_Jacoubet_-_46._Nomenclature_-_BHVP.jpg.points,jacoubet/Atlas_de_Jacoubet_-_46._Nomenclature_-_BHVP.jpg.points,bhvp_jacoubet_46,Atlas_de_Jacoubet_-_46._Nomenclature_-_BHVP.jpg,https://iiif.geohistoricaldata.org/iiif/3/Atlas_de_Jacoubet_-_46._Nomenclature_-_BHVP.jpg,output/bhvp_jacoubet/bhvp_jacoubet_46.json,
47,jacoubet,Atlas_de_Jacoubet_-_47._Nomenclature_-_BHVP.jpg.points,jacoubet/Atlas_de_Jacoubet_-_47._Nomenclature_-_BHVP.jpg.points,bhvp_jacoubet_47,Atlas_de_Jacoubet_-_47._Nomenclature_-_BHVP.jpg,https://iiif.geohistoricaldata.org/iiif/3/Atlas_de_Jacoubet_-_47._Nomenclature_-_BHVP.jpg,output/bhvp_jacoubet/bhvp_jacoubet_47.json,
48,jacoubet,Atlas_de_Jacoubet_-_48._Nomenclature_et_partie_de_la_Plaine_de_Grenelle_-_BHVP.jpg.points,jacoubet/Atlas_de_Jacoubet_-_48._Nomenclature_et_partie_de_la_Plaine_de_Grenelle_-_BHVP.jpg.points,bhvp_jacoubet_48,Atlas_de_Jacoubet_-_48._Nomenclature_et_partie_de_la_Plaine_de_Grenelle_-_BHVP.jpg,https://iiif.geohistoricaldata.org/iiif/3/Atlas_de_Jacoubet_-_48._Nomenclature_et_partie_de_la_Plaine_de_Grenelle_-_BHVP.jpg,output/bhvp_jacoubet/bhvp_jacoubet_48.json,
49,jacoubet,Atlas_de_Jacoubet_-_49._Barrière_dEnfer_et_ses_environs_-_BHVP.jpg.points,jacoubet/Atlas_de_Jacoubet_-_49._Barrière_dEnfer_et_ses_environs_-_BHVP.jpg.points,bhvp_jacoubet_49,Atlas_de_Jacoubet_-_49._Barriere_dEnfer_et_ses_environs_-_BHVP.jpg,https://iiif.geohistoricaldata.org/iiif/3/Atlas_de_Jacoubet_-_49._Barriere_dEnfer_et_ses_environs_-_BHVP.jpg,output/bhvp_jacoubet/bhvp_jacoubet_49.json,
50,jacoubet,Atlas_de_Jacoubet_-_50._Barrière_Croulebarbe_et_ses_environs_-_BHVP.jpg.points,jacoubet/Atlas_de_Jacoubet_-_50._Barrière_Croulebarbe_et_ses_environs_-_BHVP.jpg.points,bhvp_jacoubet_50,Atlas_de_Jacoubet_-_50._Barriere_Croulebarbe_et_ses_environs_-_BHVP.jpg,https://iiif.geohistoricaldata.org/iiif/3/Atlas_de_Jacoubet_-_50._Barriere_Croulebarbe_et_ses_environs_-_BHVP.jpg,output/bhvp_jacoubet/bhvp_jacoubet_50.json,
51,jacoubet,Atlas_de_Jacoubet_-_51._Barrière_d'Italie_et_ses_environs_-_BHVP.jpg.points,jacoubet/Atlas_de_Jacoubet_-_51._Barrière_d'Italie_et_ses_environs_-_BHVP.jpg.points,bhvp_jacoubet_51,Atlas_de_Jacoubet_-_51._Barriere_dItalie_et_ses_environs_-_BHVP.jpg,https://iiif.geohistoricaldata.org/iiif/3/Atlas_de_Jacoubet_-_51._Barriere_dItalie_et_ses_environs_-_BHVP.jpg,output/bhvp_jacoubet/bhvp_jacoubet_51.json,
52,jacoubet,Atlas_de_Jacoubet_-_52._Nomenclature_des_monuments_et_partie_de_la_Commune_dIvry_et_de_ses_environs_-_BHVP.jpg.points,jacoubet/Atlas_de_Jacoubet_-_52._Nomenclature_des_monuments_et_partie_de_la_Commune_dIvry_et_de_ses_environs_-_BHVP.jpg.points,bhvp_jacoubet_52,Atlas_de_Jacoubet_-_52._Nomenclature_des_monuments_et_partie_de_la_Commune_dIvry_et_de_ses_environs_-_BHVP.jpg,https://iiif.geohistoricaldata.org/iiif/3/Atlas_de_Jacoubet_-_52._Nomenclature_des_monuments_et_partie_de_la_Commune_dIvry_et_de_ses_environs_-_BHVP.jpg,output/bhvp_jacoubet/bhvp_jacoubet_52.json,
